BRCA-EU::CGP_donor_1347742	68.69916666666667
PRAD-CA::CPCG0388	141.81555555555553
PRAD-CA::CPCG0381	60.43611111111111
PRAD-CA::CPCG0380	62.27611111111111
PRAD-CA::CPCG0387	64.39416666666666
PRAD-CA::CPCG0361	108.1625
PRAD-CA::CPCG0360	80.84833333333333
BRCA-UK::CGP_donor_1187031	33.90138888888889
BRCA-UK::CGP_donor_1187030	35.70722222222222
BRCA-UK::CGP_donor_1187033	70.57027777777778
PRAD-CA::CPCG0366	115.37722222222222
PRAD-CA::CPCG0369	66.47444444444444
PRAD-CA::CPCG0368	64.73583333333333
PACA-CA::PCSI_0451	129.35194444444446
PACA-CA::PCSI_0450	118.565
PACA-CA::PCSI_0453	118.56777777777778
PACA-CA::PCSI_0454	112.06194444444444
PACA-CA::PCSI_0457	111.05166666666668
PACA-CA::PCSI_0458	103.71305555555556
LIRI-JP::RK198	48.36694444444445
LIRI-JP::RK199	57.25555555555556
LIRI-JP::RK135	149.99305555555557
LIRI-JP::RK194	54.09194444444445
LIRI-JP::RK195	52.90555555555556
LIRI-JP::RK197	49.5925
LIRI-JP::RK191	41.15333333333333
LIRI-JP::RK193	70.12638888888888
PAEN-AU::ITNET-0993	104.92777777777778
BRCA-EU::CGP_donor_1337223	55.15444444444445
BRCA-EU::CGP_donor_1337222	64.87777777777778
BRCA-EU::CGP_donor_1337220	63.74666666666667
BRCA-EU::CGP_donor_1337226	62.85555555555556
BRCA-EU::CGP_donor_1337225	65.26611111111112
PRAD-UK::0080_CRUK_PC_0080	61.72
MELA-AU::MELA-0076	61.459722222222226
LIRI-JP::RK128	77.02388888888889
CLLE-ES::435	39.83277777777778
LIRI-JP::RK227	44.64611111111112
ESAD-UK::OCCAMS-AH-063	85.22805555555556
ESAD-UK::OCCAMS-AH-061	63.51944444444444
LIRI-JP::RK121	62.596111111111114
BOCA-UK::CGP_donor_1397080	87.35472222222224
BRCA-EU::CGP_donor_1333048	56.98777777777778
BRCA-EU::CGP_donor_1333047	54.63416666666667
LIRI-JP::RK124	73.10444444444444
LIRI-JP::RK028	77.74222222222222
BRCA-UK::CGP_donor_1167079	37.03416666666667
BRCA-UK::CGP_donor_1167078	37.47722222222222
LIRI-JP::RK074	47.68333333333333
CLLE-ES::82	35.320277777777775
CLLE-ES::64	65.48527777777778
CLLE-ES::290	93.76166666666667
BRCA-UK::CGP_donor_1069291	77.35166666666667
CLLE-ES::296	33.38611111111111
LICA-FR::CHC205	59.338055555555556
CLLE-ES::63	38.94138888888889
BRCA-UK::CGP_donor_1337230	72.74527777777777
BRCA-UK::CGP_donor_1337235	30.110555555555557
LINC-JP::HX34	94.22722222222222
LINC-JP::HX33	56.965555555555554
LINC-JP::HX32	96.44944444444444
CLLE-ES::84	42.56944444444444
CLLE-ES::618	61.23638888888889
CLLE-ES::342	40.478611111111114
CLLE-ES::343	39.89666666666667
MELA-AU::MELA-0213	76.00583333333334
CLLE-ES::188	34.615
LIRI-JP::RK071	95.84472222222222
PRAD-CA::CPCG0365	104.42722222222223
PRAD-CA::CPCG0364	94.56722222222223
CLLE-ES::761	35.92055555555555
LICA-FR::CHC197	81.24111111111111
BOCA-UK::CGP_donor_1635862	79.89555555555556
ORCA-IN::OSCC-GB_012601	60.54138888888888
PACA-AU::ICGC_0087	85.67055555555557
LICA-FR::CHC429	85.35944444444445
PACA-CA::PCSI_0279	89.59555555555556
PRAD-UK::0075_CRUK_PC_0075	63.73861111111111
BRCA-UK::CGP_donor_1456607	65.26555555555555
BRCA-EU::CGP_donor_1347731	72.44611111111111
PACA-CA::PCSI_0280	97.65333333333334
PACA-CA::PCSI_0281	82.17166666666667
PACA-CA::PCSI_0283	88.57583333333334
PACA-CA::PCSI_0285	90.68416666666667
PACA-CA::PCSI_0286	201.57222222222222
PACA-CA::PCSI_0287	93.2375
PRAD-CA::CPCG0391	141.82472222222222
PRAD-CA::CPCG0392	69.07166666666667
PACA-CA::PCSI_0046	129.79722222222222
PACA-CA::PCSI_0047	266.7988888888889
PACA-CA::PCSI_0044	136.6163888888889
ESAD-UK::OCCAMS-AH-112	58.25833333333333
PACA-CA::PCSI_0048	154.85194444444446
PRAD-CA::CPCG0372	59.885
PRAD-CA::CPCG0371	74.8625
PRAD-CA::CPCG0374	83.76305555555557
PRAD-CA::CPCG0375	76.53805555555556
PRAD-CA::CPCG0378	73.38722222222222
PRAD-CA::CPCG0379	70.25694444444444
CLLE-ES::44	36.29361111111111
BOCA-UK::CGP_donor_1397084	83.36277777777778
RECA-EU::C0098	221.67055555555555
RECA-EU::C0091	239.24166666666667
RECA-EU::C0094	81.52555555555556
RECA-EU::C0096	62.48527777777778
LIRI-JP::RK183	49.79472222222223
LIRI-JP::RK181	43.54777777777778
LIRI-JP::RK187	80.08333333333333
LIRI-JP::RK186	50.239444444444445
LIRI-JP::RK185	40.9475
LIRI-JP::RK184	54.948055555555555
MELA-AU::MELA-0048	62.63416666666667
MELA-AU::MELA-0043	61.44361111111111
MELA-AU::MELA-0046	58.13388888888889
ESAD-UK::OCCAMS-AH-091	74.09805555555555
CLLE-ES::519	43.725
MELA-AU::MELA-0192	56.27333333333333
MELA-AU::MELA-0193	67.58694444444444
MELA-AU::MELA-0190	69.32083333333334
PAEN-AU::ICGC_0447	90.85416666666667
CLLE-ES::283	72.93
PAEN-AU::ICGC_0441	82.65638888888888
CLLE-ES::58	34.403888888888886
LINC-JP::HX28	263.29333333333335
LINC-JP::HX27	98.83555555555556
CLLE-ES::358	37.306111111111115
CLLE-ES::356	101.71805555555555
CLLE-ES::199	35.14666666666667
MELA-AU::MELA-0223	155.73777777777778
MELA-AU::MELA-0226	367.16416666666663
MELA-AU::MELA-0228	77.48583333333333
MELA-AU::MELA-0229	84.14861111111112
CLLE-ES::192	45.28611111111111
CLLE-ES::141	38.80694444444444
CLLE-ES::776	40.055
BRCA-UK::CGP_donor_1230778	37.15416666666667
LICA-FR::CHC433	62.91222222222222
LIRI-JP::RK280	40.071111111111115
PACA-AU::ICGC_0075	60.774722222222216
LIRI-JP::RK272	44.20111111111111
ORCA-IN::OSCC-GB_012701	54.424166666666665
LIRI-JP::RK278	43.93
PRAD-CA::CPCG0413	76.31361111111111
PRAD-CA::CPCG0412	65.94388888888889
PRAD-CA::CPCG0414	71.7088888888889
CLLE-ES::30	36.27722222222222
BRCA-EU::CGP_donor_1347723	61.39361111111111
PACA-CA::PCSI_0297	233.0538888888889
PACA-CA::PCSI_0294	161.01416666666668
PACA-AU::ICGC_0326	51.272222222222226
PACA-CA::PCSI_0292	184.83083333333335
PACA-CA::PCSI_0290	202.50916666666666
PACA-CA::PCSI_0506	174.42805555555555
PACA-CA::PCSI_0504	178.72666666666666
PACA-CA::PCSI_0509	204.43722222222223
PACA-CA::PCSI_0508	191.72777777777776
LIRI-JP::RK082	67.03555555555555
PRAD-CA::CPCG0346	164.27305555555554
PRAD-CA::CPCG0344	67.18361111111112
LIRI-JP::RK086	43.52111111111112
PRAD-CA::CPCG0342	63.99111111111111
PRAD-CA::CPCG0341	72.53333333333333
PRAD-CA::CPCG0340	81.7475
LIRI-JP::RK088	67.82888888888888
LIRI-JP::RK089	63.83138888888889
PRAD-CA::CPCG0182	101.44944444444444
BTCA-SG::BTCA_donor_R149	61.10333333333333
RECA-EU::C0086	64.63416666666667
RECA-EU::C0085	113.63527777777777
RECA-EU::C0083	78.51222222222222
RECA-EU::C0082	62.51444444444444
RECA-EU::C0081	69.2761111111111
RECA-EU::C0080	92.03583333333333
PACA-CA::PCSI_0473	145.1013888888889
PACA-CA::PCSI_0477	137.4038888888889
LIRI-JP::RK176	59.02194444444444
LIRI-JP::RK175	71.27250000000001
LIRI-JP::RK170	52.425555555555555
LIRI-JP::RK171	47.305
LIRI-JP::RK178	47.82861111111111
LIRI-JP::RK179	50.50972222222222
LIRI-JP::RK312	56.528888888888886
LIRI-JP::RK310	65.65638888888888
BRCA-EU::CGP_donor_1337241	66.82472222222222
BRCA-EU::CGP_donor_1337240	60.549166666666665
OV-AU::AOCS-034	45.531388888888884
MELA-AU::MELA-0055	46.85805555555555
MELA-AU::MELA-0053	111.11527777777778
MELA-AU::MELA-0052	144.84722222222223
MELA-AU::MELA-0051	136.32416666666666
MELA-AU::MELA-0050	64.58333333333333
ESAD-UK::OCCAMS-AH-088	76.53027777777778
ESAD-UK::OCCAMS-AH-085	71.97972222222224
ESAD-UK::OCCAMS-AH-086	61.48833333333334
ESAD-UK::OCCAMS-AH-082	72.48027777777777
LIRI-JP::RK228	46.675555555555555
LIRI-JP::RK229	42.63
LIRI-JP::RK226	64.67472222222221
LIRI-JP::RK225	55.221944444444446
LIRI-JP::RK222	41.32611111111111
LIRI-JP::RK223	45.28
LIRI-JP::RK220	41.35888888888889
LIRI-JP::RK221	41.14805555555555
CLLE-ES::564	44.6625
PRAD-UK::0065_CRUK_PC_0065	56.97722222222222
MELA-AU::MELA-0185	51.34444444444444
MELA-AU::MELA-0187	48.424166666666665
PRAD-UK::0091_CRUK_PC_0091	56.330555555555556
PAEN-AU::ICGC_0453	47.37416666666666
BRCA-EU::CGP_donor_1397278	57.119166666666665
CLLE-ES::48	102.32194444444444
LIRI-JP::RK027	42.89777777777778
CLLE-ES::367	42.51972222222222
BRCA-UK::CGP_donor_1374619	85.6838888888889
MELA-AU::MELA-0237	134.07805555555555
MELA-AU::MELA-0236	169.14722222222224
CLLE-ES::166	40.88333333333333
MELA-AU::MELA-0234	171.80499999999998
MELA-AU::MELA-0232	97.8711111111111
MELA-AU::MELA-0231	67.17527777777778
MELA-AU::MELA-0230	110.83888888888889
MELA-AU::MELA-0239	132.17416666666665
MELA-AU::MELA-0238	208.7813888888889
CLLE-ES::386	37.85333333333333
LIRI-JP::RK029	89.09305555555555
BOCA-UK::CGP_donor_1691128	73.21638888888889
BRCA-UK::CGP_donor_1309223	50.78388888888889
PACA-AU::ICGC_0061	59.702777777777776
BOCA-UK::CGP_donor_1691121	73.94555555555556
BOCA-UK::CGP_donor_1691124	72.66472222222222
PRAD-UK::0070_CRUK_PC_0070	48.87444444444444
PBCA-DE::ICGC_MB35	49.32055555555555
PBCA-DE::ICGC_MB34	41.732499999999995
BOCA-UK::CGP_donor_1490914	70.845
ESAD-UK::OCCAMS-RS-047	92.1588888888889
PRAD-CA::CPCG0409	71.77111111111111
PRAD-CA::CPCG0401	119.41694444444444
GACA-CN::CGP_donor_GC00020	49.91583333333333
GACA-CN::CGP_donor_GC00021	40.03527777777778
GACA-CN::CGP_donor_GC00027	50.11277777777778
GACA-CN::CGP_donor_GC00028	40.4275
GACA-CN::CGP_donor_GC00029	38.943888888888885
PACA-AU::ICGC_0533	80.15083333333334
PACA-CA::PCSI_0268	94.97777777777779
PACA-CA::PCSI_0269	69.89194444444443
PACA-CA::PCSI_0261	76.03527777777778
PACA-CA::PCSI_0264	76.61055555555555
CLLE-ES::282	42.77111111111112
PRAD-CA::CPCG0358	255.66611111111112
LIRI-JP::RK093	74.16527777777779
LIRI-JP::RK092	55.0875
LIRI-JP::RK096	63.90111111111111
PRAD-CA::CPCG0350	100.46388888888889
LIRI-JP::RK098	70.39555555555556
PRAD-CA::CPCG0352	113.49111111111111
PRAD-CA::CPCG0354	392.1788888888889
PACA-CA::PCSI_0082	63.30277777777778
PACA-CA::PCSI_0080	72.57972222222223
PACA-CA::PCSI_0406	143.815
PACA-CA::PCSI_0404	108.73277777777777
PACA-CA::PCSI_0402	104.055
PACA-CA::PCSI_0403	103.79305555555555
LIRI-JP::RK164	51.38194444444444
LIRI-JP::RK167	61.82222222222222
LIRI-JP::RK166	45.11277777777778
LIRI-JP::RK163	66.78611111111111
LIRI-JP::RK162	64.53222222222222
LIRI-JP::RK169	60.20027777777778
LIRI-JP::RK282	60.66027777777778
PACA-CA::PCSI_0312	104.37833333333333
PACA-CA::PCSI_0310	98.75055555555556
PACA-CA::PCSI_0311	130.81583333333333
LIRI-JP::RK303	46.02055555555555
LIRI-JP::RK305	41.49305555555556
LIRI-JP::RK304	46.81222222222222
LIRI-JP::RK307	80.2963888888889
LIRI-JP::RK306	49.62388888888889
GACA-CN::CGP_donor_GC00053	44.27361111111111
PRAD-UK::0093_CRUK_PC_0093	100.34083333333334
PAEN-AU::ICGC_0432	76.7636111111111
ESAD-UK::OCCAMS-ED-041	60.85888888888889
LIRI-JP::RK235	47.43638888888889
LIRI-JP::RK234	46.065000000000005
LIRI-JP::RK237	49.67361111111111
LIRI-JP::RK236	41.297222222222224
LIRI-JP::RK232	47.46277777777778
PAEN-AU::ITNET-1288	52.59166666666667
CLLE-ES::294	73.19527777777778
BRCA-UK::CGP_donor_1199104	97.11944444444445
CLLE-ES::577	34.89805555555555
PRAD-CA::CPCG0404	90.2011111111111
LINC-JP::HX5	40.74333333333333
PRAD-CA::CPCG0407	69.7238888888889
CLLE-ES::371	50.140277777777776
CLLE-ES::372	38.30361111111111
PRAD-UK::0090_CRUK_PC_0090	58.541666666666664
CLLE-ES::177	38.524166666666666
CLLE-ES::176	70.09333333333333
CLLE-ES::179	35.239444444444445
CLLE-ES::393	45.679722222222225
PAEN-AU::ITNET-0087	66.77416666666666
ORCA-IN::OSCC-GB_012001	42.31305555555556
BOCA-UK::CGP_donor_1691139	119.09750000000001
BOCA-UK::CGP_donor_1691138	100.81972222222223
PACA-AU::ICGC_0055	69.23333333333333
BOCA-UK::CGP_donor_1691135	76.49888888888889
BOCA-UK::CGP_donor_1691134	128.56416666666667
BOCA-UK::CGP_donor_1691133	145.82583333333332
BOCA-UK::CGP_donor_1691132	96.22250000000001
BOCA-UK::CGP_donor_1691130	64.70305555555555
ESAD-UK::OCCAMS-RS-032	126.65055555555556
ESAD-UK::OCCAMS-RS-036	78.18611111111112
ESAD-UK::OCCAMS-RS-035	155.8552777777778
LIRI-JP::RK067	45.32055555555555
PACA-AU::ICGC_0230	80.93611111111112
CLLE-ES::181	114.70694444444445
GACA-CN::CGP_donor_GC00032	49.940000000000005
GACA-CN::CGP_donor_GC00035	50.83638888888889
GACA-CN::CGP_donor_GC00034	68.12027777777777
GACA-CN::CGP_donor_GC00037	44.56527777777777
GACA-CN::CGP_donor_GC00039	41.79833333333333
PACA-CA::PCSI_0274	68.94777777777777
PACA-CA::PCSI_0078	73.99527777777777
PACA-CA::PCSI_0077	67.20166666666667
PACA-CA::PCSI_0072	134.99833333333333
PRAD-CA::CPCG0324	53.28722222222222
BTCA-SG::BTCA_donor_A153	65.25527777777778
PACA-CA::PCSI_0413	105.45833333333333
LIRI-JP::RK150	75.54694444444445
LIRI-JP::RK151	66.60722222222222
LIRI-JP::RK153	60.23555555555556
LIRI-JP::RK155	49.65333333333333
LIRI-JP::RK156	56.85138888888889
BRCA-UK::CGP_donor_1114881	130.92944444444444
PACA-CA::PCSI_0301	124.18055555555556
PACA-CA::PCSI_0300	142.86805555555557
PACA-CA::PCSI_0303	113.10416666666667
PACA-CA::PCSI_0302	155.5938888888889
PACA-CA::PCSI_0305	181.00222222222223
PACA-CA::PCSI_0307	134.95777777777778
LIRI-JP::RK337	62.62777777777777
BOCA-UK::CGP_donor_1490908	107.80416666666666
LIRI-JP::RK208	81.46222222222222
CLLE-ES::56	36.90555555555556
LIRI-JP::RK200	52.30638888888889
LIRI-JP::RK201	47.36333333333334
LIRI-JP::RK202	50.358333333333334
LIRI-JP::RK205	53.511111111111106
LIRI-JP::RK206	65.57833333333333
LIRI-JP::RK207	57.776666666666664
LIRI-JP::RK091	110.09361111111112
LIRI-JP::RK095	59.49027777777778
BRCA-EU::CGP_donor_1353434	104.7975
LIRI-JP::RK099	54.457499999999996
BRCA-EU::CGP_donor_1364029	68.67694444444444
BRCA-EU::CGP_donor_1163904	55.62861111111111
CLLE-ES::145	37.797222222222224
CLLE-ES::148	37.17861111111111
CLLE-ES::723	38.85055555555555
ORCA-IN::OSCC-GB_011601	40.08277777777778
BRCA-EU::CGP_donor_1234129	57.41222222222222
BRCA-EU::CGP_donor_1234124	61.267500000000005
BRCA-EU::CGP_donor_1234122	64.74277777777777
BRCA-EU::CGP_donor_1234123	63.38194444444444
BRCA-EU::CGP_donor_1234120	60.23388888888889
BRCA-EU::CGP_donor_1234121	48.955555555555556
CLLE-ES::83	37.71666666666667
ESAD-UK::OCCAMS-RS-024	56.886111111111106
ESAD-UK::OCCAMS-RS-027	68.61694444444444
PACA-AU::ICGC_0048	105.57944444444443
LIRI-JP::RK004	49.08972222222222
LIRI-JP::RK005	88.00111111111111
BRCA-UK::CGP_donor_1230728	62.65083333333334
BRCA-UK::CGP_donor_1230724	44.11083333333333
BRCA-UK::CGP_donor_1230722	200.1197222222222
PACA-AU::ICGC_0227	94.54722222222222
BTCA-SG::BTCA_donor_Y008	95.08305555555556
PACA-CA::PCSI_0240	66.61305555555556
PRAD-UK::0082_CRUK_PC_0082	54.31583333333333
PRAD-CA::CPCG0339	161.0975
PRAD-CA::CPCG0336	75.53583333333333
PRAD-CA::CPCG0331	70.6
CLLE-ES::90	36.151666666666664
LIRI-JP::RK149	92.11333333333333
LIRI-JP::RK148	59.02722222222222
LIRI-JP::RK147	68.40249999999999
LIRI-JP::RK146	108.81972222222223
BTCA-SG::BTCA_donor_A096	46.51222222222222
LIRI-JP::RK143	50.8425
LIRI-JP::RK142	61.66888888888889
LIRI-JP::RK141	55.71361111111111
LIRI-JP::RK140	61.26722222222222
ESAD-UK::OCCAMS-WG-005	55.830555555555556
ESAD-UK::OCCAMS-WG-006	65.1025
ESAD-UK::OCCAMS-WG-001	66.44722222222222
ESAD-UK::OCCAMS-WG-009	64.56305555555555
BRCA-UK::CGP_donor_1353432	77.81472222222222
BRCA-UK::CGP_donor_1353431	43.68611111111111
ESAD-UK::OCCAMS-AH-182	166.5375
ESAD-UK::OCCAMS-AH-183	80.83083333333335
PACA-CA::PCSI_0334	136.75833333333333
PACA-CA::PCSI_0337	61.80916666666667
PACA-CA::PCSI_0338	75.20333333333333
LIRI-JP::RK326	59.988888888888894
BRCA-EU::CGP_donor_1230755	57.61555555555556
BRCA-EU::CGP_donor_1230754	49.541666666666664
BOCA-UK::CGP_donor_1475256	57.69972222222222
PRAD-UK::0077_CRUK_PC_0077	60.50083333333334
BOCA-UK::CGP_donor_1437418	72.85194444444444
BOCA-UK::CGP_donor_1437419	130.13555555555556
BOCA-UK::CGP_donor_1437416	66.47416666666666
BOCA-UK::CGP_donor_1437417	75.61694444444444
BOCA-UK::CGP_donor_1437414	64.38916666666667
BOCA-UK::CGP_donor_1437412	68.90194444444445
BOCA-UK::CGP_donor_1437413	62.320277777777775
BOCA-UK::CGP_donor_1437410	102.34833333333333
BOCA-UK::CGP_donor_1437411	64.47583333333334
LIRI-JP::RK217	48.18
LIRI-JP::RK215	41.641666666666666
LIRI-JP::RK213	56.15361111111111
LIRI-JP::RK212	48.1125
LIRI-JP::RK211	42.84638888888889
LIRI-JP::RK210	45.426944444444445
LIRI-JP::RK219	56.87583333333334
BRCA-EU::CGP_donor_1353429	118.85249999999999
BRCA-EU::CGP_donor_1353428	126.62305555555555
BRCA-EU::CGP_donor_1353427	92.30694444444445
BRCA-EU::CGP_donor_1353426	65.155
BRCA-UK::CGP_donor_1199129	102.94583333333334
BRCA-EU::CGP_donor_1503133	116.76777777777778
BRCA-EU::CGP_donor_1451422	71.33833333333334
BRCA-EU::CGP_donor_1451426	69.84555555555556
BRCA-EU::CGP_donor_1451427	69.68416666666667
CLLE-ES::157	29.365000000000002
CLLE-ES::151	45.420833333333334
CLLE-ES::804	43.70916666666667
CLLE-ES::803	34.91777777777778
CLLE-ES::802	32.02638888888889
LIRI-JP::RK308	95.03555555555555
PRAD-UK::0056_CRUK_PC_0056	59.24888888888889
BOCA-UK::CGP_donor_1528381	72.09555555555556
PACA-AU::ICGC_0143	85.12277777777778
PACA-AU::ICGC_0141	41.53055555555556
PACA-AU::ICGC_0146	76.38138888888889
ORCA-IN::OSCC-GB_011901	37.459722222222226
GACA-CN::CGP_donor_GC00019	48.81333333333334
GACA-CN::CGP_donor_GC00018	47.7025
GACA-CN::CGP_donor_GC00015	59.32694444444444
GACA-CN::CGP_donor_GC00014	50.905833333333334
PACA-CA::PCSI_0253	173.0586111111111
PACA-CA::PCSI_0250	203.3086111111111
BRCA-UK::CGP_donor_1347745	60.86416666666666
LIRI-JP::RK138	142.91333333333333
LIRI-JP::RK133	80.89194444444443
LIRI-JP::RK130	55.30722222222222
LIRI-JP::RK131	76.64972222222222
LIRI-JP::RK136	74.97
LIRI-JP::RK137	50.848333333333336
BRCA-EU::CGP_donor_1503020	64.30555555555556
BRCA-EU::CGP_donor_1503021	58.466388888888886
ESAD-UK::OCCAMS-AH-197	86.21388888888889
ESAD-UK::OCCAMS-AH-196	79.94916666666667
PACA-CA::PCSI_0329	177.2811111111111
PACA-CA::PCSI_0326	201.42388888888888
PACA-CA::PCSI_0325	197.4388888888889
PACA-CA::PCSI_0324	189.36083333333332
LIRI-JP::RK047	199.81194444444446
LIRI-JP::RK042	104.17305555555555
LIRI-JP::RK040	139.90333333333334
LIRI-JP::RK041	53.38638888888889
LIRI-JP::RK048	37.252500000000005
LIRI-JP::RK049	42.82972222222222
LIRI-JP::RK117	118.76472222222222
LIRI-JP::RK110	73.58694444444444
LIRI-JP::RK111	57.50944444444444
BOCA-UK::CGP_donor_1437409	77.22277777777778
BOCA-UK::CGP_donor_1437408	59.67055555555555
BOCA-UK::CGP_donor_1437405	82.21027777777778
BOCA-UK::CGP_donor_1437404	84.58055555555555
BOCA-UK::CGP_donor_1437407	69.29055555555556
BOCA-UK::CGP_donor_1437406	71.24444444444445
BOCA-UK::CGP_donor_1437403	65.92861111111111
LIRI-JP::RK230	43.911944444444444
LIRI-JP::RK262	47.75
LIRI-JP::RK263	55.136111111111106
BRCA-UK::CGP_donor_1363965	45.20111111111111
BRCA-UK::CGP_donor_1363963	64.39083333333333
LIRI-JP::RK267	55.71722222222222
LIRI-JP::RK264	48.76944444444444
LIRI-JP::RK265	42.81361111111111
LIRI-JP::RK268	45.488888888888894
LIRI-JP::RK269	56.83833333333334
BRCA-UK::CGP_donor_1363969	87.79666666666667
LIRI-JP::RK118	83.68138888888889
LIRI-JP::RK119	88.82222222222222
BRCA-UK::CGP_donor_1199137	37.582499999999996
BRCA-UK::CGP_donor_1199131	35.6525
BRCA-UK::CGP_donor_1199138	52.53805555555555
PAEN-AU::ITNET-0911	100.93277777777777
BRCA-EU::CGP_donor_1503128	139.1786111111111
BRCA-UK::CGP_donor_1230785	28.201666666666664
ESAD-UK::OCCAMS-SH-038	71.95944444444444
CLLE-ES::128	50.94777777777778
CLLE-ES::122	43.195
CLLE-ES::125	48.13805555555555
PRAD-UK::0067_CRUK_PC_0067	59.716388888888886
PRAD-UK::0064_CRUK_PC_0064	54.53638888888889
CLLE-ES::832	36.01
OV-AU::AOCS-001	51.18361111111111
BOCA-UK::CGP_donor_1424143	63.5725
PACA-AU::ICGC_0026	48.850833333333334
ESAD-UK::OCCAMS-RS-007	60.85777777777778
ESAD-UK::OCCAMS-RS-006	54.31638888888889
ESAD-UK::OCCAMS-AH-174	85.01583333333333
BRCA-EU::CGP_donor_1397281	57.92111111111112
BTCA-SG::BTCA_donor_Y065	65.69472222222223
BRCA-EU::CGP_donor_1503017	64.79138888888889
RECA-EU::C0099	138.61055555555555
BRCA-EU::CGP_donor_1503016	82.73444444444445
ORCA-IN::OSCC-GB_011801	52.48416666666667
PACA-CA::PCSI_0224	140.38416666666666
PACA-CA::PCSI_0228	200.3838888888889
RECA-EU::C0036	71.78138888888888
RECA-EU::C0037	82.86833333333334
RECA-EU::C0034	82.93444444444444
RECA-EU::C0033	69.50333333333333
RECA-EU::C0030	84.59777777777778
RECA-EU::C0031	79.63805555555557
BOCA-UK::CGP_donor_1635843	144.53083333333333
RECA-EU::C0038	56.29861111111111
RECA-EU::C0039	79.06944444444444
LIRI-JP::RK060	56.837222222222216
LIRI-JP::RK120	65.89333333333333
LIRI-JP::RK123	107.78166666666667
LIRI-JP::RK122	96.87527777777777
LIRI-JP::RK125	50.40888888888889
LIRI-JP::RK062	59.301388888888894
LIRI-JP::RK126	42.23722222222222
CLLE-ES::2	58.68
BRCA-UK::CGP_donor_1114929	106.37777777777778
LIRI-JP::RK065	47.602777777777774
PBCA-DE::ICGC_PA95	42.89277777777777
PBCA-DE::ICGC_PA92	35.67333333333333
ESAD-UK::OCCAMS-AH-160	68.92805555555556
PRAD-UK::0094_CRUK_PC_0094	102.89333333333335
BOCA-UK::CGP_donor_1397082	76.56944444444444
BOCA-UK::CGP_donor_1397083	78.33500000000001
PACA-CA::PCSI_0354	106.75500000000001
BOCA-UK::CGP_donor_1397081	97.67222222222222
PACA-CA::PCSI_0353	71.02805555555555
PACA-CA::PCSI_0350	91.56277777777777
PACA-CA::PCSI_0351	71.34472222222222
LIRI-JP::RK054	50.28416666666667
LIRI-JP::RK057	56.466388888888886
LIRI-JP::RK056	48.94722222222222
LIRI-JP::RK051	43.705000000000005
LIRI-JP::RK050	62.04555555555555
LIRI-JP::RK053	54.35138888888889
LIRI-JP::RK052	45.044444444444444
BRCA-EU::CGP_donor_1397266	64.42083333333333
LIRI-JP::RK059	111.9786111111111
LIRI-JP::RK270	48.26388888888889
LIRI-JP::RK275	52.735
LIRI-JP::RK277	49.3625
LIRI-JP::RK279	86.29444444444445
OV-AU::AOCS-153	50.785
PAEN-AU::ITNET-0900	117.99527777777777
MELA-AU::MELA-0179	71.48472222222222
MELA-AU::MELA-0174	63.980000000000004
MELA-AU::MELA-0170	79.74916666666667
MELA-AU::MELA-0173	62.04083333333333
ESAD-UK::OCCAMS-SH-024	60.60333333333333
ESAD-UK::OCCAMS-SH-020	74.73472222222222
CLLE-ES::139	33.17805555555556
CLLE-ES::138	34.30444444444445
CLLE-ES::137	41.38166666666667
CLLE-ES::134	45.66444444444445
BRCA-EU::CGP_donor_1232859	63.3075
CLLE-ES::594	38.60583333333333
LIRI-JP::RK245	50.611666666666665
ORCA-IN::OSCC-GB_012101	42.07
GACA-CN::CGP_donor_GC00017	46.495
CLLE-ES::824	34.75944444444444
BOCA-UK::CGP_donor_1397077	164.9072222222222
PACA-CA::PCSI_0235	248.76083333333332
PACA-CA::PCSI_0231	82.99722222222222
PACA-CA::PCSI_0233	61.86472222222222
PACA-CA::PCSI_0239	86.825
ESAD-UK::OCCAMS-GS-002	73.36694444444444
RECA-EU::C0025	79.23916666666668
RECA-EU::C0024	69.77222222222221
RECA-EU::C0021	115.8088888888889
RECA-EU::C0020	103.10972222222222
RECA-EU::C0023	64.48166666666667
RECA-EU::C0022	84.05555555555556
RECA-EU::C0029	90.89916666666666
RECA-EU::C0028	82.45666666666666
PRAD-CA::CPCG0255	68.99722222222222
LIRI-JP::RK116	108.75611111111111
PRAD-CA::CPCG0256	66.21166666666666
PRAD-CA::CPCG0251	84.54861111111111
LIRI-JP::RK112	77.22611111111111
LIRI-JP::RK113	49.91472222222222
PRAD-CA::CPCG0259	53.485
PRAD-CA::CPCG0258	88.34388888888888
BRCA-UK::CGP_donor_1606179	35.82861111111111
PACA-CA::PCSI_0348	107.63722222222222
PACA-CA::PCSI_0345	84.19250000000001
CLLE-ES::1	36.81583333333333
LIRI-JP::RK061	78.47277777777778
CLLE-ES::3	30.82222222222222
LIRI-JP::RK063	48.68833333333334
CLLE-ES::5	36.489444444444445
CLLE-ES::4	96.60777777777777
LIRI-JP::RK066	46.823611111111106
CLLE-ES::6	35.669444444444444
CLLE-ES::9	79.07944444444443
BRCA-UK::CGP_donor_1654385	64.14694444444444
BOCA-UK::CGP_donor_1437425	72.4536111111111
BOCA-UK::CGP_donor_1437424	56.653055555555554
BOCA-UK::CGP_donor_1437423	60.830555555555556
BOCA-UK::CGP_donor_1437421	70.14333333333335
BOCA-UK::CGP_donor_1437420	97.9411111111111
LIRI-JP::RK244	50.14611111111112
LIRI-JP::RK240	84.94250000000001
LIRI-JP::RK241	49.93055555555556
LIRI-JP::RK243	39.2775
PAEN-AU::ICGC_0287	77.91000000000001
MELA-AU::MELA-0161	85.76888888888888
MELA-AU::MELA-0160	95.865
MELA-AU::MELA-0167	110.12916666666666
MELA-AU::MELA-0169	96.24305555555556
MELA-AU::MELA-0168	98.59722222222221
PAEN-AU::ITNET-0935	86.3913888888889
PAEN-AU::ITNET-0028	64.83888888888889
LIRI-JP::RK139	51.394999999999996
BRCA-EU::CGP_donor_1397261	82.02916666666667
BRCA-UK::CGP_donor_1503143	98.27916666666667
PACA-CA::PCSI_0537	136.94722222222222
BRCA-UK::CGP_donor_1310131	71.45083333333334
PACA-CA::PCSI_0341	63.99916666666666
PRAD-UK::0086_CRUK_PC_0086	86.56138888888889
PAEN-AU::ITNET-0107	128.02027777777778
BTCA-SG::BTCA_donor_C080	58.205555555555556
CLLE-ES::677	36.26916666666667
BRCA-EU::CGP_donor_1475202	68.13083333333333
BRCA-EU::CGP_donor_1475200	78.78972222222222
BRCA-EU::CGP_donor_1475201	64.86
PBCA-DE::ICGC_PA108	49.57861111111111
BOCA-UK::CGP_donor_1691131	68.9838888888889
ORCA-IN::OSCC-GB_012201	44.323055555555555
LIRI-JP::RK144	65.84805555555555
LIRI-JP::RK309	56.19583333333333
GACA-CN::CGP_donor_GC00048	41.67194444444444
BRCA-EU::CGP_donor_1397086	55.51305555555555
BRCA-EU::CGP_donor_1397088	57.67333333333333
RECA-EU::C0010	238.7447222222222
RECA-EU::C0011	106.11305555555556
RECA-EU::C0012	161.56333333333333
RECA-EU::C0013	46.44444444444444
RECA-EU::C0014	91.65333333333334
RECA-EU::C0015	56.81388888888889
RECA-EU::C0016	91.80388888888889
RECA-EU::C0017	75.34944444444444
RECA-EU::C0018	90.03333333333333
RECA-EU::C0019	93.10694444444445
LIRI-JP::RK102	48.77972222222222
LIRI-JP::RK101	82.01166666666667
LIRI-JP::RK100	50.162777777777784
LIRI-JP::RK106	41.2
LIRI-JP::RK105	36.60472222222222
LIRI-JP::RK109	68.88944444444445
PACA-CA::PCSI_0111	148.07444444444445
PACA-CA::PCSI_0356	179.49166666666667
BRCA-EU::CGP_donor_1364033	55.72166666666667
BRCA-EU::CGP_donor_1230797	61.959722222222226
LIRI-JP::RK260	44.649722222222216
ESAD-UK::OCCAMS-AH-140	63.6175
ESAD-UK::OCCAMS-AH-146	75.31138888888889
LIRI-JP::RK070	46.0275
PACA-CA::PCSI_0375	121.89583333333333
PACA-CA::PCSI_0355	90.88527777777777
LIRI-JP::RK258	44.68694444444444
LIRI-JP::RK257	51.368611111111115
LIRI-JP::RK256	45.35638888888889
LIRI-JP::RK254	31.362222222222222
ESAD-UK::OCCAMS-AH-036	92.26861111111111
CLLE-ES::684	35.160833333333336
BTCA-SG::BTCA_donor_B070	59.50388888888889
ESAD-UK::OCCAMS-SH-003	73.54805555555555
CLLE-ES::115	31.990833333333335
CLLE-ES::442	36.52777777777778
PRAD-UK::0078_CRUK_PC_0078	51.386944444444445
CLLE-ES::33	36.6775
CLLE-ES::32	62.391666666666666
ORCA-IN::OSCC-GB_011301	45.33833333333334
CLLE-ES::39	32.35
CLLE-ES::661	35.120555555555555
LIRI-JP::RK316	58.348333333333336
BOCA-UK::CGP_donor_1602516	113.67666666666668
PACA-AU::ICGC_0420	132.51111111111112
ORCA-IN::OSCC-GB_012301	52.01444444444444
PACA-CA::PCSI_0328	97.9225
BRCA-UK::CGP_donor_1347813	59.32694444444444
GACA-CN::CGP_donor_GC00054	48.667500000000004
GACA-CN::CGP_donor_GC00052	49.67666666666666
GACA-CN::CGP_donor_GC00051	46.748333333333335
LIRI-JP::RK266	47.507222222222225
PRAD-UK::0069_CRUK_PC_0069	64.63444444444444
RECA-EU::C0009	108.55694444444445
RECA-EU::C0008	88.34222222222223
RECA-EU::C0007	88.31083333333332
RECA-EU::C0006	72.8786111111111
RECA-EU::C0005	96.62916666666666
RECA-EU::C0004	140.3022222222222
RECA-EU::C0002	259.33194444444445
RECA-EU::C0001	199.6913888888889
PACA-CA::PCSI_0105	131.4461111111111
PACA-CA::PCSI_0108	137.64805555555554
BRCA-EU::CGP_donor_1364028	55.214166666666664
ESAD-UK::OCCAMS-ED-003	56.05972222222223
LIRI-JP::RK003	51.353611111111114
LIRI-JP::RK001	76.67861111111111
BRCA-UK::CGP_donor_1701345	24.80666666666667
BTCA-SG::BTCA_donor_27	65.99694444444444
PAEN-AU::NE-0023	48.667500000000004
ESAD-UK::OCCAMS-AH-155	63.04944444444445
ESAD-UK::OCCAMS-AH-021	61.94666666666667
PAEN-AU::ITNET-0833	104.55361111111111
PACA-AU::ICGC_0007	66.59083333333334
CLLE-ES::473	42.15333333333333
LIRI-JP::RK107	48.058055555555555
CLLE-ES::477	44.952777777777776
BRCA-EU::CGP_donor_1503014	71.87638888888888
BRCA-EU::CGP_donor_1503019	58.61666666666667
PRAD-UK::0089_CRUK_PC_0089	57.255833333333335
CLLE-ES::783	32.384166666666665
CLLE-ES::785	73.72
CLLE-ES::278	36.02638888888889
CLLE-ES::277	58.55638888888889
ESAD-UK::OCCAMS-PS-008	95.55027777777778
BOCA-UK::CGP_donor_1691216	91.71527777777779
BOCA-UK::CGP_donor_1691217	124.11583333333333
BOCA-UK::CGP_donor_1691214	68.62555555555556
BOCA-UK::CGP_donor_1691215	69.71638888888889
BOCA-UK::CGP_donor_1691212	66.33222222222223
BOCA-UK::CGP_donor_1691213	99.98111111111112
BOCA-UK::CGP_donor_1691210	85.53055555555555
BOCA-UK::CGP_donor_1691211	62.915
CLLE-ES::20	33.46333333333333
CLLE-ES::23	35.08638888888889
CLLE-ES::25	55.459722222222226
CLLE-ES::26	59.02638888888889
CLLE-ES::27	35.87416666666666
MELA-AU::MELA-0257	121.88000000000001
MELA-AU::MELA-0256	94.62277777777778
MELA-AU::MELA-0259	157.9072222222222
CLLE-ES::306	46.91555555555556
CLLE-ES::308	58.01972222222222
CLLE-ES::654	33.670833333333334
LIRI-JP::RK012	75.8675
BOCA-UK::CGP_donor_1602529	109.4475
BOCA-UK::CGP_donor_1691148	106.53888888888888
BOCA-UK::CGP_donor_1691149	99.91416666666667
BOCA-UK::CGP_donor_1691143	76.17583333333333
BOCA-UK::CGP_donor_1691146	72.97805555555556
BOCA-UK::CGP_donor_1691147	67.17472222222221
BOCA-UK::CGP_donor_1691145	106.51861111111111
LIRI-JP::RK024	61.37472222222222
BOCA-UK::CGP_donor_1528374	89.0788888888889
ESAD-UK::OCCAMS-ST-043	51.57555555555555
BOCA-UK::CGP_donor_1528371	65.59
ESAD-UK::OCCAMS-ST-041	64.86361111111111
LIRI-JP::RK157	59.651666666666664
RECA-EU::C0078	87.15583333333333
RECA-EU::C0079	76.45444444444443
RECA-EU::C0072	124.80527777777777
RECA-EU::C0073	73.9238888888889
RECA-EU::C0070	94.23722222222223
RECA-EU::C0071	71.39333333333335
RECA-EU::C0076	64.21972222222222
RECA-EU::C0077	113.12833333333333
RECA-EU::C0074	62.44416666666667
RECA-EU::C0075	81.98916666666668
BRCA-UK::CGP_donor_1347739	53.332499999999996
BRCA-UK::CGP_donor_1472395	70.62416666666667
BRCA-UK::CGP_donor_1472394	59.90027777777778
BRCA-UK::CGP_donor_1347737	33.547222222222224
PRAD-CA::CPCG0268	78.2425
PRAD-CA::CPCG0269	139.79305555555555
PRAD-CA::CPCG0265	74.53611111111111
PRAD-CA::CPCG0266	63.530833333333334
PRAD-CA::CPCG0267	122.6113888888889
PRAD-CA::CPCG0260	92.97277777777778
PRAD-CA::CPCG0262	66.28777777777778
PRAD-CA::CPCG0263	109.63472222222222
LIRI-JP::RK085	55.31055555555555
PACA-CA::PCSI_0173	50.45388888888888
RECA-EU::C0100	135.9572222222222
LIRI-JP::RK018	50.195
LIRI-JP::RK015	64.44666666666667
LIRI-JP::RK014	58.90777777777778
LIRI-JP::RK016	108.57222222222222
PACA-CA::PCSI_0392	75.88666666666667
ESAD-UK::OCCAMS-AH-120	57.225
ESAD-UK::OCCAMS-AH-127	76.1836111111111
BRCA-EU::CGP_donor_1503150	73.73305555555557
BRCA-EU::CGP_donor_1503156	71.39472222222223
LIRI-JP::RK338	87.64722222222221
PAEN-AU::NE-0018	53.532222222222224
BRCA-EU::CGP_donor_1337218	50.213055555555556
BRCA-EU::CGP_donor_1337217	86.20527777777778
BRCA-EU::CGP_donor_1337214	84.21527777777779
GACA-CN::CGP_donor_GC00047	39.11111111111111
CLLE-ES::467	44.63305555555555
PAEN-AU::ITNET-1044	60.20305555555556
MELA-AU::MELA-0001	46.45611111111111
LICA-FR::CHC320	112.14388888888888
LICA-FR::CHC322	36.13666666666666
CLLE-ES::795	37.50916666666667
BOCA-UK::CGP_donor_1691209	90.84527777777777
BOCA-UK::CGP_donor_1691208	84.55749999999999
BOCA-UK::CGP_donor_1691205	71.27333333333333
BOCA-UK::CGP_donor_1691207	82.24888888888889
BOCA-UK::CGP_donor_1691206	226.88833333333332
PRAD-CA::CPCG0411	81.77472222222222
PRAD-CA::CPCG0410	82.34388888888888
CLLE-ES::15	77.1211111111111
CLLE-ES::16	95.80222222222223
CLLE-ES::12	58.265277777777776
CLLE-ES::318	51.72388888888889
BOCA-UK::CGP_donor_1528364	70.30583333333334
BOCA-UK::CGP_donor_1691151	62.646388888888886
BOCA-UK::CGP_donor_1691150	106.37055555555555
BOCA-UK::CGP_donor_1691153	74.30472222222222
BOCA-UK::CGP_donor_1691152	83.59750000000001
BOCA-UK::CGP_donor_1691154	96.50833333333334
ESAD-UK::OCCAMS-ST-033	65.64055555555555
ESAD-UK::OCCAMS-ST-037	78.75138888888888
BRCA-UK::CGP_donor_1114930	41.439166666666665
RECA-EU::C0068	80.13111111111111
RECA-EU::C0061	64.70805555555555
BRCA-UK::CGP_donor_1347720	72.98944444444444
CLLE-ES::628	36.96027777777778
PACA-CA::PCSI_0164	82.14722222222221
PACA-CA::PCSI_0161	68.56916666666666
BRCA-EU::CGP_donor_1186987	64.23361111111112
PBCA-DE::ICGC_PA20	36.67611111111111
PACA-CA::PCSI_0019	153.89166666666668
LIRI-JP::RK026	59.57972222222222
LIRI-JP::RK020	47.26861111111111
LIRI-JP::RK021	67.01027777777777
LIRI-JP::RK022	48.47638888888889
LIRI-JP::RK023	62.85194444444445
BRCA-EU::CGP_donor_1397277	65.38333333333334
ESAD-UK::OCCAMS-AH-131	60.239444444444445
LIRI-JP::RK283	63.04638888888889
ESAD-UK::OCCAMS-AH-135	54.22027777777778
LIRI-JP::RK285	44.53888888888889
ESAD-UK::OCCAMS-AH-136	60.95222222222222
ESAD-UK::OCCAMS-AH-139	62.883611111111115
LIRI-JP::RK104	54.45
BRCA-EU::CGP_donor_1503140	53.9925
BRCA-UK::CGP_donor_1410210	64.12444444444445
PRAD-UK::0071_CRUK_PC_0071	52.41583333333333
ESAD-UK::OCCAMS-AH-047	83.96861111111112
BTCA-SG::BTCA_donor_B083	48.67333333333333
LIRI-JP::RK083	47.07333333333334
LIRI-JP::RK081	57.94777777777778
LIRI-JP::RK087	75.18888888888888
ESAD-UK::OCCAMS-SH-051	70.36277777777778
CLLE-ES::523	46.44972222222222
BRCA-EU::CGP_donor_1230796	99.78999999999999
ESAD-UK::OCCAMS-RS-008	47.683055555555555
LINC-JP::HX12	388.8333333333333
PAEN-AU::ITNET-0783	101.26527777777778
BOCA-UK::CGP_donor_1841267	72.39472222222223
ORCA-IN::OSCC-GB_012401	49.37833333333333
ESAD-UK::OCCAMS-ST-020	62.005
CLLE-ES::749	62.44444444444444
PACA-AU::ICGC_0139	78.93527777777778
CLLE-ES::745	32.09916666666667
PACA-AU::ICGC_0135	80.73138888888889
BRCA-EU::CGP_donor_1425260	73.84555555555556
PACA-AU::ICGC_0392	175.67833333333334
BRCA-EU::CGP_donor_1397284	55.497499999999995
BRCA-EU::CGP_donor_1397282	60.13027777777778
LAML-KR::SNU_WGS_11	37.29305555555556
LAML-KR::SNU_WGS_10	33.62611111111111
LIRI-JP::RK079	43.304722222222225
LIRI-JP::RK076	51.616388888888885
LIRI-JP::RK075	40.96027777777778
RECA-EU::C0055	64.79055555555556
RECA-EU::C0057	75.22333333333333
LIRI-JP::RK073	65.27444444444444
LIRI-JP::RK072	57.26027777777778
BRCA-EU::CGP_donor_1187025	81.04777777777778
BRCA-EU::CGP_donor_1186990	62.60611111111111
PRAD-UK::0072_CRUK_PC_0072	54.11888888888889
LIRI-JP::RK033	78.63972222222222
LIRI-JP::RK032	47.50361111111111
LIRI-JP::RK031	59.058055555555555
LIRI-JP::RK030	58.715555555555554
LIRI-JP::RK037	42.1525
LIRI-JP::RK034	48.4225
BRCA-EU::CGP_donor_1397260	135.79222222222222
BRCA-EU::CGP_donor_1397263	55.38583333333334
BRCA-EU::CGP_donor_1397262	71.18611111111112
BRCA-EU::CGP_donor_1397264	53.997499999999995
BRCA-EU::CGP_donor_1347756	62.76388888888889
BRCA-EU::CGP_donor_1347751	59.58083333333333
LIRI-JP::RK298	57.48527777777778
LIRI-JP::RK297	45.094166666666666
BRCA-UK::CGP_donor_1410205	67.06305555555555
BRCA-EU::CGP_donor_1337238	45.5975
BRCA-EU::CGP_donor_1337236	49.81305555555556
BRCA-EU::CGP_donor_1337237	49.87416666666666
BRCA-EU::CGP_donor_1337231	50.962222222222216
ESAD-UK::OCCAMS-ED-007	65.55777777777777
PRAD-UK::0084_CRUK_PC_0084	95.9225
CLLE-ES::244	85.705
BRCA-EU::CGP_donor_1374618	87.54916666666666
BRCA-EU::CGP_donor_1374617	69.88055555555555
BRCA-EU::CGP_donor_1374616	143.8961111111111
MELA-AU::MELA-0202	71.02666666666667
PAEN-AU::ICGC_0428	39.76944444444444
PAEN-AU::ICGC_0425	72.02027777777776
LIRI-JP::RK317	100.62722222222222
ORCA-IN::OSCC-GB_012501	49.14861111111111
BRCA-UK::CGP_donor_1167080	179.22
CLLE-ES::10	34.21722222222222
LAML-KR::SNU_WGS_04	72.16722222222224
LAML-KR::SNU_WGS_05	39.103611111111114
LAML-KR::SNU_WGS_02	78.95805555555556
LAML-KR::SNU_WGS_08	33.51611111111111
LAML-KR::SNU_WGS_09	33.29611111111111
PACA-CA::PCSI_0227	173.80194444444444
BTCA-SG::BTCA_donor_Y140	63.57944444444445
RECA-EU::C0043	68.5338888888889
RECA-EU::C0042	88.59472222222222
RECA-EU::C0041	65.3111111111111
RECA-EU::C0040	77.29277777777777
RECA-EU::C0047	59.202777777777776
RECA-EU::C0046	86.78500000000001
RECA-EU::C0045	87.87777777777778
RECA-EU::C0044	67.69777777777777
RECA-EU::C0049	78.82583333333334
RECA-EU::C0048	77.96777777777778
PACA-CA::PCSI_0145	55.19777777777778
